{"tick_size": {"AG": 1.0, "AL": 5.0, "AP": 1.0, "AU": 0.05, "B": 1.0, "BB": 0.05, "BU": 2.0, "C": 1.0, "CF": 5.0, "CS": 1.0, "CU": 10.0, "FG": 1.0, "FU": 1.0, "HC": 1.0, "I": 0.5, "J": 0.5, "JD": 1.0, "JM": 0.5, "L": 5.0, "M": 1.0, "MA": 1.0, "NI": 10.0, "OI": 1.0, "P": 2.0, "PB": 5.0, "PP": 1.0, "RB": 1.0, "RM": 1.0, "RU": 5.0, "SF": 2.0, "SM": 2.0, "SN": 10.0, "SR": 1.0, "TA": 2.0, "V": 5.0, "Y": 2.0, "ZC": 0.2, "ZN": 5.0, "WR": 1.0, "A": 1.0, "WH": 1.0, "CY": 5.0, "IF": 0.2, "IC": 0.2, "IH": 0.2, "TS": 0.005, "TF": 0.005, "T": 0.005, "SC": 0.1, "SP": 2.0}, "contract_multiplier": {"AG": 15.0, "AL": 5.0, "AP": 10.0, "AU": 1000.0, "B": 10.0, "BB": 500.0, "BU": 10.0, "C": 10.0, "CF": 5.0, "CS": 10.0, "CU": 5.0, "FG": 20.0, "FU": 10.0, "HC": 10.0, "I": 100.0, "J": 100.0, "JD": 10.0, "JM": 60.0, "L": 5.0, "M": 10.0, "MA": 10.0, "NI": 1.0, "OI": 10.0, "P": 10.0, "PB": 5.0, "PP": 5.0, "RB": 10.0, "RM": 10.0, "RU": 10.0, "SF": 5.0, "SM": 5.0, "SN": 1.0, "SR": 10.0, "TA": 5.0, "V": 5.0, "Y": 10.0, "ZC": 100.0, "ZN": 5.0, "WR": 10.0, "A": 10.0, "WH": 20.0, "CY": 5.0, "IF": 300.0, "IC": 200.0, "IH": 300.0, "TS": 20000.0, "TF": 10000.0, "T": 10000.0, "SC": 1000.0, "SP": 10.0}, "min_deposit": {"AG": 0.06, "AL": 0.07, "AP": 0.11, "AU": 0.1, "B": 0.07, "BB": 0.2, "BU": 0.1, "C": 0.05, "CF": 0.07, "CS": 0.05, "CU": 0.07, "FG": 0.07, "FU": 0.1, "HC": 0.08, "I": 0.08, "J": 0.09, "JD": 0.08, "JM": 0.09, "L": 0.07, "M": 0.07, "MA": 0.07, "NI": 0.08, "OI": 0.07, "P": 0.06, "PB": 0.1, "PP": 0.07, "RB": 0.11, "RM": 0.06, "RU": 0.12, "SF": 0.07, "SM": 0.07, "SN": 0.07, "SR": 0.05, "TA": 0.08, "V": 0.07, "Y": 0.06, "ZC": 0.08, "ZN": 0.08, "WR": 0.08, "A": 0.07, "WH": 0.2, "CY": 0.05, "IF": 0.15, "IC": 0.3, "IH": 0.15, "TS": 0.005, "TF": 0.012, "T": 0.02, "SC": 0.1, "SP": 0.04}, "commission": {"AG": 0.0001, "AL": 4, "AP": 21, "AU": 11, "B": 2, "BB": 0.0002, "BU": 0.0002, "C": 2, "CF": 5, "CS": 2, "CU": 0.0001, "FG": 4, "FU": 0.0002, "HC": 0.0002, "I": 0.0001, "J": 0.0003, "JD": 0.0002, "JM": 0.0003, "L": 2, "M": 3, "MA": 3, "NI": 3, "OI": 3, "P": 3, "PB": 0.0001, "PP": 0.0001, "RB": 0.00015, "RM": 3, "RU": 8e-05, "SF": 12, "SM": 12, "SN": 4, "SR": 4, "TA": 4, "V": 3, "Y": 3, "ZC": 5, "ZN": 4, "WR": 0.00016, "A": 3, "WH": 10, "CY": 5, "IF": 0.0015, "IC": 0.0015, "IH": 0.0001, "TS": 12, "TF": 5, "T": 5, "SC": 30, "SP": 8e-05}}